,green_1,green2,green3,green4
0,10.635644102096558,10.642535471916199,10.622242033481598,10.641083788871764
1,11.519484329223634,11.516385102272034,11.651734560728073,11.605884027481078
2,10.618420457839967,10.601878094673156,10.607150584459305,10.591488718986511
3,11.618455266952516,11.418664073944091,11.893123984336853,11.526024031639098
4,19.438879394531252,19.475047731399535,14.008625507354736,14.065864491462706
5,10.46682779788971,10.470474123954773,10.45389837026596,10.434073376655578
6,13.920063543319703,13.766047859191893,14.75594973564148,14.490497159957885
7,13.51215877532959,13.47185547351837,13.81278482079506,13.764799165725707
8,10.745924735069275,10.636569833755493,10.870453834533691,10.778589749336243
