,green_1,green2,green3,green4
0,10.40335588157177,10.25933064520359,10.65260425209999,10.174285843968391
1,9.554213508963585,9.776470586657524,9.625963643193245,9.837210923433304
2,11.617230847477913,11.939288005232811,11.57774105668068,11.952556520700455
3,11.741538792848587,11.866491809487343,11.722171157598495,11.822063252329826
4,11.820512562990189,11.920859888195992,11.869473084807396,11.877094805240631
5,9.227764829993248,9.71138522028923,9.0610933303833,9.711737781763077
6,13.018628805875778,12.368433773517609,13.33182543516159,12.308187410235405
7,13.02198976278305,12.988886758685112,13.233319371938705,12.993251159787178
8,8.777981624007225,8.725822865962982,9.206561744213104,8.64294283092022
